id,yr,monthnum,monthname,monthend,cregion,pregion,creason,tpeople,yrmonthnam,yrmonthnum
1,2016,11,Nov,30-11-16,Awdal,Togdheer,Drought related,437,Nov '16,2016-11
2,2016,11,Nov,30-11-16,Awdal,Togdheer,Eviction,6,Nov '16,2016-11
3,2016,11,Nov,30-11-16,Awdal,Lower Shabelle,Drought related,7,Nov '16,2016-11
4,2016,11,Nov,30-11-16,Awdal,Mudug,Drought related,7,Nov '16,2016-11
5,2016,11,Nov,30-11-16,Awdal,Sanaag,Drought related,7,Nov '16,2016-11
6,2016,11,Nov,30-11-16,Bakool,Bakool,Drought related,271,Nov '16,2016-11
7,2016,11,Nov,30-11-16,Bakool,Bakool,IDP Return,264,Nov '16,2016-11
8,2016,11,Nov,30-11-16,Bakool,Hiraan,IDP Return,200,Nov '16,2016-11
9,2016,11,Nov,30-11-16,Bakool,Bay,IDP Return,20,Nov '16,2016-11
10,2016,11,Nov,30-11-16,Banadir,Banadir,Drought related,19,Nov '16,2016-11
11,2016,11,Nov,30-11-16,Banadir,Banadir,Eviction,17584,Nov '16,2016-11
12,2016,11,Nov,30-11-16,Banadir,Lower Shabelle,Conflict/Insecurity,900,Nov '16,2016-11
13,2016,11,Nov,30-11-16,Banadir,Mudug,Conflict/Insecurity,89,Nov '16,2016-11
14,2016,11,Nov,30-11-16,Banadir,Bakool,Conflict/Insecurity,61,Nov '16,2016-11
15,2016,11,Nov,30-11-16,Banadir,Hiraan,Conflict/Insecurity,18,Nov '16,2016-11
16,2016,11,Nov,30-11-16,Banadir,Middle Juba,IDP Return,7,Nov '16,2016-11
17,2016,11,Nov,30-11-16,Bari,Bari,Conflict/Insecurity,1045,Nov '16,2016-11
18,2016,11,Nov,30-11-16,Bari,Bari,Drought related,73,Nov '16,2016-11
19,2016,11,Nov,30-11-16,Bari,Bari,Other,15,Nov '16,2016-11
20,2016,11,Nov,30-11-16,Bari,Mudug,Conflict/Insecurity,117,Nov '16,2016-11
21,2016,11,Nov,30-11-16,Bari,Mudug,Drought related,4,Nov '16,2016-11
22,2016,11,Nov,30-11-16,Bari,Banadir,Conflict/Insecurity,20,Nov '16,2016-11
23,2016,11,Nov,30-11-16,Bari,Banadir,Drought related,49,Nov '16,2016-11
24,2016,11,Nov,30-11-16,Bari,Lower Shabelle,Drought related,24,Nov '16,2016-11
25,2016,11,Nov,30-11-16,Bari,Lower Shabelle,Other,6,Nov '16,2016-11
26,2016,11,Nov,30-11-16,Bari,Sanaag,Drought related,17,Nov '16,2016-11
27,2016,11,Nov,30-11-16,Bari,Sool,Drought related,13,Nov '16,2016-11
28,2016,11,Nov,30-11-16,Bari,Bakool,Drought related,10,Nov '16,2016-11
29,2016,11,Nov,30-11-16,Bari,Galgaduud,Drought related,6,Nov '16,2016-11
30,2016,11,Nov,30-11-16,Bari,Nugaal,Drought related,3,Nov '16,2016-11
31,2016,11,Nov,30-11-16,Bay,Bay,Conflict/Insecurity,16,Nov '16,2016-11
32,2016,11,Nov,30-11-16,Bay,Bay,Drought related,134,Nov '16,2016-11
33,2016,11,Nov,30-11-16,Bay,Bay,Other,24,Nov '16,2016-11
34,2016,11,Nov,30-11-16,Bay,Bakool,Conflict/Insecurity,24,Nov '16,2016-11
35,2016,11,Nov,30-11-16,Bay,Bakool,Drought related,4,Nov '16,2016-11
36,2016,11,Nov,30-11-16,Bay,Mudug,Conflict/Insecurity,11,Nov '16,2016-11
37,2016,11,Nov,30-11-16,Bay,Gedo,Conflict/Insecurity,11,Nov '16,2016-11
38,2016,11,Nov,30-11-16,Bay,Lower Juba,Exclude,7,Nov '16,2016-11
39,2016,11,Nov,30-11-16,Bay,Banadir,Eviction,6,Nov '16,2016-11
40,2016,11,Nov,30-11-16,Gedo,Bakool,Drought related,718,Nov '16,2016-11
41,2016,11,Nov,30-11-16,Gedo,Gedo,Drought related,128,Nov '16,2016-11
42,2016,11,Nov,30-11-16,Gedo,Bay,Drought related,85,Nov '16,2016-11
43,2016,11,Nov,30-11-16,Hiraan,Galgaduud,Drought related,17400,Nov '16,2016-11
44,2016,11,Nov,30-11-16,Hiraan,Bakool,Conflict/Insecurity,120,Nov '16,2016-11
45,2016,11,Nov,30-11-16,Middle Juba,Bay,Conflict/Insecurity,60,Nov '16,2016-11
46,2016,11,Nov,30-11-16,Middle Juba,Bay,Drought related,223,Nov '16,2016-11
47,2016,11,Nov,30-11-16,Middle Juba,Gedo,Conflict/Insecurity,88,Nov '16,2016-11
48,2016,11,Nov,30-11-16,Middle Juba,Gedo,Drought related,171,Nov '16,2016-11
49,2016,11,Nov,30-11-16,Middle Juba,Gedo,Other,9,Nov '16,2016-11
50,2016,11,Nov,30-11-16,Middle Juba,Lower Shabelle,Drought related,20,Nov '16,2016-11
51,2016,11,Nov,30-11-16,Middle Juba,Lower Juba,Drought related,19,Nov '16,2016-11
52,2016,11,Nov,30-11-16,Lower Juba,Lower Juba,Drought related,196,Nov '16,2016-11
53,2016,11,Nov,30-11-16,Lower Juba,Lower Juba,Other,25,Nov '16,2016-11
54,2016,11,Nov,30-11-16,Lower Juba,Lower Juba,Eviction,243,Nov '16,2016-11
55,2016,11,Nov,30-11-16,Lower Juba,Middle Juba,Other,57,Nov '16,2016-11
56,2016,11,Nov,30-11-16,Mudug,Mudug,Conflict/Insecurity,1222,Nov '16,2016-11
57,2016,11,Nov,30-11-16,Mudug,Mudug,Drought related,49966,Nov '16,2016-11
58,2016,11,Nov,30-11-16,Mudug,Mudug,Other,6454,Nov '16,2016-11
59,2016,11,Nov,30-11-16,Mudug,Mudug,IDP Return,2823,Nov '16,2016-11
60,2016,11,Nov,30-11-16,Mudug,Nugaal,Drought related,235,Nov '16,2016-11
61,2016,11,Nov,30-11-16,Mudug,Nugaal,Other,155,Nov '16,2016-11
62,2016,11,Nov,30-11-16,Mudug,Nugaal,IDP Return,828,Nov '16,2016-11
63,2016,11,Nov,30-11-16,Middle Shabelle,Middle Shabelle,Drought related,149,Nov '16,2016-11
64,2016,11,Nov,30-11-16,Lower Shabelle,Lower Shabelle,Conflict/Insecurity,572,Nov '16,2016-11
65,2016,11,Nov,30-11-16,Lower Shabelle,Lower Shabelle,Drought related,99,Nov '16,2016-11
66,2016,11,Nov,30-11-16,Lower Shabelle,Banadir,Drought related,33,Nov '16,2016-11
67,2016,11,Nov,30-11-16,Sool,Sool,Drought related,223,Nov '16,2016-11
68,2016,11,Nov,30-11-16,Sool,Sanaag,Drought related,29,Nov '16,2016-11
69,2016,11,Nov,30-11-16,Togdheer,Sool,Drought related,59,Nov '16,2016-11
70,2016,11,Nov,30-11-16,Woqooyi Galbeed,Mudug,Conflict/Insecurity,34,Nov '16,2016-11
71,2016,11,Nov,30-11-16,Woqooyi Galbeed,Mudug,Drought related,18,Nov '16,2016-11
72,2016,11,Nov,30-11-16,Woqooyi Galbeed,Mudug,Other,4,Nov '16,2016-11
73,2016,11,Nov,30-11-16,Woqooyi Galbeed,Banadir,Drought related,31,Nov '16,2016-11
74,2016,11,Nov,30-11-16,Woqooyi Galbeed,Banadir,Other,4,Nov '16,2016-11
75,2016,11,Nov,30-11-16,Woqooyi Galbeed,Togdheer,Drought related,34,Nov '16,2016-11
76,2016,11,Nov,30-11-16,Woqooyi Galbeed,Galgaduud,Drought related,30,Nov '16,2016-11
77,2016,11,Nov,30-11-16,Woqooyi Galbeed,Nugaal,Drought related,24,Nov '16,2016-11
78,2016,11,Nov,30-11-16,Woqooyi Galbeed,Hiraan,Drought related,16,Nov '16,2016-11
79,2016,11,Nov,30-11-16,Woqooyi Galbeed,Sool,Drought related,13,Nov '16,2016-11
80,2016,11,Nov,30-11-16,Woqooyi Galbeed,Sanaag,Drought related,12,Nov '16,2016-11
81,2016,11,Nov,30-11-16,Woqooyi Galbeed,Lower Juba,Drought related,10,Nov '16,2016-11
82,2016,11,Nov,30-11-16,Woqooyi Galbeed,Bari,Drought related,5,Nov '16,2016-11
83,2016,11,Nov,30-11-16,Woqooyi Galbeed,Bari,Other,3,Nov '16,2016-11
84,2016,11,Nov,30-11-16,Woqooyi Galbeed,Woqooyi Galbeed,Other,4,Nov '16,2016-11
85,2016,12,Dec,31-12-16,Awdal,Togdheer,Drought related,353,Dec '16,2016-12
86,2016,12,Dec,31-12-16,Awdal,Banadir,Drought related,23,Dec '16,2016-12
87,2016,12,Dec,31-12-16,Awdal,Hiraan,Drought related,13,Dec '16,2016-12
88,2016,12,Dec,31-12-16,Awdal,Mudug,Drought related,6,Dec '16,2016-12
89,2016,12,Dec,31-12-16,Bakool,Bakool,Conflict/Insecurity,245,Dec '16,2016-12
90,2016,12,Dec,31-12-16,Bakool,Bakool,Drought related,425,Dec '16,2016-12
91,2016,12,Dec,31-12-16,Bakool,Bakool,IDP Return,214,Dec '16,2016-12
92,2016,12,Dec,31-12-16,Bakool,Hiraan,IDP Return,500,Dec '16,2016-12
93,2016,12,Dec,31-12-16,Bakool,Bay,IDP Return,10,Dec '16,2016-12
94,2016,12,Dec,31-12-16,Banadir,Banadir,Drought related,59,Dec '16,2016-12
95,2016,12,Dec,31-12-16,Banadir,Banadir,Eviction,14529,Dec '16,2016-12
96,2016,12,Dec,31-12-16,Banadir,Lower Shabelle,Conflict/Insecurity,198,Dec '16,2016-12
97,2016,12,Dec,31-12-16,Banadir,Lower Shabelle,Drought related,156,Dec '16,2016-12
98,2016,12,Dec,31-12-16,Banadir,Bay,Drought related,261,Dec '16,2016-12
99,2016,12,Dec,31-12-16,Banadir,Bay,Other,8,Dec '16,2016-12
100,2016,12,Dec,31-12-16,Banadir,Bakool,Drought related,150,Dec '16,2016-12
101,2016,12,Dec,31-12-16,Banadir,Mudug,Conflict/Insecurity,60,Dec '16,2016-12
102,2016,12,Dec,31-12-16,Banadir,Mudug,Drought related,65,Dec '16,2016-12
103,2016,12,Dec,31-12-16,Banadir,Middle Shabelle,Conflict/Insecurity,65,Dec '16,2016-12
104,2016,12,Dec,31-12-16,Banadir,Galgaduud,Drought related,54,Dec '16,2016-12
105,2016,12,Dec,31-12-16,Bari,Bari,Conflict/Insecurity,13,Dec '16,2016-12
106,2016,12,Dec,31-12-16,Bari,Bari,Drought related,144,Dec '16,2016-12
107,2016,12,Dec,31-12-16,Bari,Bari,Other,10,Dec '16,2016-12
108,2016,12,Dec,31-12-16,Bari,Banadir,Conflict/Insecurity,26,Dec '16,2016-12
109,2016,12,Dec,31-12-16,Bari,Banadir,Drought related,35,Dec '16,2016-12
110,2016,12,Dec,31-12-16,Bari,Sool,Drought related,30,Dec '16,2016-12
111,2016,12,Dec,31-12-16,Bari,Mudug,Conflict/Insecurity,20,Dec '16,2016-12
112,2016,12,Dec,31-12-16,Bari,Bay,Drought related,11,Dec '16,2016-12
113,2016,12,Dec,31-12-16,Bari,Hiraan,Drought related,5,Dec '16,2016-12
114,2016,12,Dec,31-12-16,Bari,Hiraan,Other,5,Dec '16,2016-12
115,2016,12,Dec,31-12-16,Bari,Sanaag,Drought related,10,Dec '16,2016-12
116,2016,12,Dec,31-12-16,Bari,Bakool,Drought related,6,Dec '16,2016-12
117,2016,12,Dec,31-12-16,Bay,Bay,Drought related,1470,Dec '16,2016-12
118,2016,12,Dec,31-12-16,Bay,Bay,Other,164,Dec '16,2016-12
119,2016,12,Dec,31-12-16,Bay,Bakool,Conflict/Insecurity,21,Dec '16,2016-12
120,2016,12,Dec,31-12-16,Bay,Bakool,Drought related,253,Dec '16,2016-12
121,2016,12,Dec,31-12-16,Bay,Banadir,IDP Return,110,Dec '16,2016-12
122,2016,12,Dec,31-12-16,Bay,Gedo,Drought related,48,Dec '16,2016-12
123,2016,12,Dec,31-12-16,Bay,Middle Juba,Drought related,5,Dec '16,2016-12
124,2016,12,Dec,31-12-16,Galgaduud,Mudug,Conflict/Insecurity,456,Dec '16,2016-12
125,2016,12,Dec,31-12-16,Galgaduud,Hiraan,IDP Return,8,Dec '16,2016-12
126,2016,12,Dec,31-12-16,Gedo,Gedo,Drought related,528,Dec '16,2016-12
127,2016,12,Dec,31-12-16,Gedo,Gedo,Other,13,Dec '16,2016-12
128,2016,12,Dec,31-12-16,Gedo,Bakool,Drought related,88,Dec '16,2016-12
129,2016,12,Dec,31-12-16,Gedo,Bay,Drought related,28,Dec '16,2016-12
130,2016,12,Dec,31-12-16,Middle Juba,Bay,Conflict/Insecurity,42,Dec '16,2016-12
131,2016,12,Dec,31-12-16,Middle Juba,Bay,Drought related,209,Dec '16,2016-12
132,2016,12,Dec,31-12-16,Middle Juba,Gedo,Conflict/Insecurity,15,Dec '16,2016-12
133,2016,12,Dec,31-12-16,Middle Juba,Gedo,Drought related,225,Dec '16,2016-12
134,2016,12,Dec,31-12-16,Middle Juba,Lower Shabelle,Drought related,120,Dec '16,2016-12
135,2016,12,Dec,31-12-16,Middle Juba,Lower Juba,Drought related,27,Dec '16,2016-12
136,2016,12,Dec,31-12-16,Middle Juba,Lower Juba,Other,5,Dec '16,2016-12
137,2016,12,Dec,31-12-16,Lower Juba,Lower Juba,Conflict/Insecurity,41,Dec '16,2016-12
138,2016,12,Dec,31-12-16,Lower Juba,Lower Juba,Drought related,34,Dec '16,2016-12
139,2016,12,Dec,31-12-16,Lower Juba,Lower Juba,IDP Return,8,Dec '16,2016-12
140,2016,12,Dec,31-12-16,Lower Juba,Middle Juba,Other,83,Dec '16,2016-12
141,2016,12,Dec,31-12-16,Mudug,Mudug,Conflict/Insecurity,1703,Dec '16,2016-12
142,2016,12,Dec,31-12-16,Mudug,Mudug,Drought related,13025,Dec '16,2016-12
143,2016,12,Dec,31-12-16,Mudug,Mudug,Other,694,Dec '16,2016-12
144,2016,12,Dec,31-12-16,Mudug,Mudug,IDP Return,36,Dec '16,2016-12
145,2016,12,Dec,31-12-16,Mudug,Nugaal,Other,102,Dec '16,2016-12
146,2016,12,Dec,31-12-16,Mudug,Nugaal,IDP Return,9,Dec '16,2016-12
147,2016,12,Dec,31-12-16,Mudug,Galgaduud,Drought related,30,Dec '16,2016-12
148,2016,12,Dec,31-12-16,Mudug,Woqooyi Galbeed,Exclude,13,Dec '16,2016-12
149,2016,12,Dec,31-12-16,Mudug,Woqooyi Galbeed,Other,7,Dec '16,2016-12
150,2016,12,Dec,31-12-16,Mudug,Bari,Other,6,Dec '16,2016-12
151,2016,12,Dec,31-12-16,Middle Shabelle,Middle Shabelle,Conflict/Insecurity,289,Dec '16,2016-12
152,2016,12,Dec,31-12-16,Lower Shabelle,Lower Shabelle,Other,170,Dec '16,2016-12
153,2016,12,Dec,31-12-16,Lower Shabelle,Lower Shabelle,IDP Return,16057,Dec '16,2016-12
154,2016,12,Dec,31-12-16,Lower Shabelle,Banadir,Drought related,9,Dec '16,2016-12
155,2016,12,Dec,31-12-16,Lower Shabelle,Banadir,Eviction,6,Dec '16,2016-12
156,2016,12,Dec,31-12-16,Sool,Sool,Drought related,136,Dec '16,2016-12
157,2016,12,Dec,31-12-16,Togdheer,Sool,Drought related,24,Dec '16,2016-12
158,2016,12,Dec,31-12-16,Woqooyi Galbeed,Banadir,Drought related,25,Dec '16,2016-12
159,2016,12,Dec,31-12-16,Woqooyi Galbeed,Nugaal,Drought related,24,Dec '16,2016-12
160,2016,12,Dec,31-12-16,Woqooyi Galbeed,Middle Shabelle,Drought related,20,Dec '16,2016-12
161,2016,12,Dec,31-12-16,Woqooyi Galbeed,Mudug,Drought related,18,Dec '16,2016-12
162,2016,12,Dec,31-12-16,Woqooyi Galbeed,Galgaduud,Drought related,15,Dec '16,2016-12
163,2016,12,Dec,31-12-16,Woqooyi Galbeed,Togdheer,Drought related,12,Dec '16,2016-12
164,2016,12,Dec,31-12-16,Woqooyi Galbeed,Bari,Drought related,11,Dec '16,2016-12
165,2016,12,Dec,31-12-16,Woqooyi Galbeed,Lower Shabelle,Drought related,10,Dec '16,2016-12
166,2016,12,Dec,31-12-16,Woqooyi Galbeed,Bay,Drought related,6,Dec '16,2016-12
167,2016,12,Dec,31-12-16,Woqooyi Galbeed,Hiraan,Drought related,4,Dec '16,2016-12
168,2017,1,Jan,31-01-17,Awdal,Togdheer,Drought related,3744,Jan '17,2017-01
169,2017,1,Jan,31-01-17,Awdal,Sanaag,Drought related,737,Jan '17,2017-01
170,2017,1,Jan,31-01-17,Awdal,Sool,Drought related,254,Jan '17,2017-01
171,2017,1,Jan,31-01-17,Awdal,Woqooyi Galbeed,Drought related,110,Jan '17,2017-01
172,2017,1,Jan,31-01-17,Awdal,Banadir,Drought related,42,Jan '17,2017-01
173,2017,1,Jan,31-01-17,Awdal,Mudug,Drought related,12,Jan '17,2017-01
174,2017,1,Jan,31-01-17,Awdal,Gedo,Drought related,8,Jan '17,2017-01
175,2017,1,Jan,31-01-17,Awdal,Galgaduud,Drought related,8,Jan '17,2017-01
176,2017,1,Jan,31-01-17,Awdal,Hiraan,Drought related,8,Jan '17,2017-01
177,2017,1,Jan,31-01-17,Awdal,Nugaal,Drought related,5,Jan '17,2017-01
178,2017,1,Jan,31-01-17,Bakool,Bakool,Conflict/Insecurity,106,Jan '17,2017-01
179,2017,1,Jan,31-01-17,Bakool,Bakool,Drought related,475,Jan '17,2017-01
180,2017,1,Jan,31-01-17,Banadir,Banadir,Drought related,81,Jan '17,2017-01
181,2017,1,Jan,31-01-17,Banadir,Banadir,Eviction,18738,Jan '17,2017-01
182,2017,1,Jan,31-01-17,Banadir,Bay,Drought related,7671,Jan '17,2017-01
183,2017,1,Jan,31-01-17,Banadir,Bay,Eviction,150,Jan '17,2017-01
184,2017,1,Jan,31-01-17,Banadir,Lower Shabelle,Conflict/Insecurity,226,Jan '17,2017-01
185,2017,1,Jan,31-01-17,Banadir,Lower Shabelle,Drought related,7366,Jan '17,2017-01
186,2017,1,Jan,31-01-17,Banadir,Lower Shabelle,Other,5,Jan '17,2017-01
187,2017,1,Jan,31-01-17,Banadir,Galgaduud,Drought related,130,Jan '17,2017-01
188,2017,1,Jan,31-01-17,Banadir,Mudug,Drought related,114,Jan '17,2017-01
189,2017,1,Jan,31-01-17,Banadir,Bakool,Drought related,111,Jan '17,2017-01
190,2017,1,Jan,31-01-17,Banadir,Middle Shabelle,Drought related,94,Jan '17,2017-01
191,2017,1,Jan,31-01-17,Bari,Sanaag,Drought related,343,Jan '17,2017-01
192,2017,1,Jan,31-01-17,Bari,Nugaal,Drought related,320,Jan '17,2017-01
193,2017,1,Jan,31-01-17,Bari,Bari,Drought related,203,Jan '17,2017-01
194,2017,1,Jan,31-01-17,Bari,Togdheer,Drought related,200,Jan '17,2017-01
195,2017,1,Jan,31-01-17,Bari,Sool,Drought related,130,Jan '17,2017-01
196,2017,1,Jan,31-01-17,Bari,Mudug,Conflict/Insecurity,5,Jan '17,2017-01
197,2017,1,Jan,31-01-17,Bari,Mudug,Drought related,120,Jan '17,2017-01
198,2017,1,Jan,31-01-17,Bari,Middle Shabelle,Drought related,23,Jan '17,2017-01
199,2017,1,Jan,31-01-17,Bari,Middle Shabelle,Other,4,Jan '17,2017-01
200,2017,1,Jan,31-01-17,Bari,Hiraan,Drought related,11,Jan '17,2017-01
201,2017,1,Jan,31-01-17,Bari,Banadir,Drought related,3,Jan '17,2017-01
202,2017,1,Jan,31-01-17,Bari,Gedo,Drought related,3,Jan '17,2017-01
203,2017,1,Jan,31-01-17,Bari,Bay,Drought related,2,Jan '17,2017-01
204,2017,1,Jan,31-01-17,Bay,Bay,Drought related,6283,Jan '17,2017-01
205,2017,1,Jan,31-01-17,Bay,Bay,Other,21,Jan '17,2017-01
206,2017,1,Jan,31-01-17,Bay,Bakool,Drought related,3159,Jan '17,2017-01
207,2017,1,Jan,31-01-17,Bay,Middle Juba,Drought related,143,Jan '17,2017-01
208,2017,1,Jan,31-01-17,Bay,Gedo,Drought related,26,Jan '17,2017-01
209,2017,1,Jan,31-01-17,Galgaduud,Galgaduud,Drought related,37,Jan '17,2017-01
210,2017,1,Jan,31-01-17,Galgaduud,Mudug,Conflict/Insecurity,7,Jan '17,2017-01
211,2017,1,Jan,31-01-17,Gedo,Gedo,Conflict/Insecurity,13,Jan '17,2017-01
212,2017,1,Jan,31-01-17,Gedo,Gedo,Drought related,2616,Jan '17,2017-01
213,2017,1,Jan,31-01-17,Gedo,Bay,Drought related,1572,Jan '17,2017-01
214,2017,1,Jan,31-01-17,Gedo,Bakool,Drought related,1206,Jan '17,2017-01
215,2017,1,Jan,31-01-17,Middle Juba,Bay,Conflict/Insecurity,35,Jan '17,2017-01
216,2017,1,Jan,31-01-17,Middle Juba,Bay,Drought related,728,Jan '17,2017-01
217,2017,1,Jan,31-01-17,Middle Juba,Bay,Flood,5,Jan '17,2017-01
218,2017,1,Jan,31-01-17,Middle Juba,Bay,Other,6,Jan '17,2017-01
219,2017,1,Jan,31-01-17,Middle Juba,Middle Juba,Drought related,324,Jan '17,2017-01
220,2017,1,Jan,31-01-17,Middle Juba,Gedo,Conflict/Insecurity,19,Jan '17,2017-01
221,2017,1,Jan,31-01-17,Middle Juba,Gedo,Drought related,235,Jan '17,2017-01
222,2017,1,Jan,31-01-17,Middle Juba,Gedo,Other,3,Jan '17,2017-01
223,2017,1,Jan,31-01-17,Lower Juba,Middle Juba,Exclude,12,Jan '17,2017-01
224,2017,1,Jan,31-01-17,Lower Juba,Middle Juba,Other,51,Jan '17,2017-01
225,2017,1,Jan,31-01-17,Lower Juba,Lower Juba,Conflict/Insecurity,7,Jan '17,2017-01
226,2017,1,Jan,31-01-17,Lower Juba,Lower Juba,Drought related,16,Jan '17,2017-01
227,2017,1,Jan,31-01-17,Mudug,Mudug,Conflict/Insecurity,16,Jan '17,2017-01
228,2017,1,Jan,31-01-17,Mudug,Mudug,Drought related,1854,Jan '17,2017-01
229,2017,1,Jan,31-01-17,Mudug,Mudug,IDP Return,7,Jan '17,2017-01
230,2017,1,Jan,31-01-17,Mudug,Galgaduud,Drought related,28,Jan '17,2017-01
231,2017,1,Jan,31-01-17,Mudug,Woqooyi Galbeed,Other,15,Jan '17,2017-01
232,2017,1,Jan,31-01-17,Mudug,Bari,Other,13,Jan '17,2017-01
233,2017,1,Jan,31-01-17,Mudug,Nugaal,Drought related,12,Jan '17,2017-01
234,2017,1,Jan,31-01-17,Mudug,Banadir,Drought related,5,Jan '17,2017-01
235,2017,1,Jan,31-01-17,Nugaal,Mudug,Conflict/Insecurity,8,Jan '17,2017-01
236,2017,1,Jan,31-01-17,Nugaal,Mudug,Drought related,261,Jan '17,2017-01
237,2017,1,Jan,31-01-17,Nugaal,Sool,Drought related,55,Jan '17,2017-01
238,2017,1,Jan,31-01-17,Nugaal,Nugaal,Drought related,35,Jan '17,2017-01
239,2017,1,Jan,31-01-17,Middle Shabelle,Middle Shabelle,Drought related,6,Jan '17,2017-01
240,2017,1,Jan,31-01-17,Lower Shabelle,Lower Shabelle,Conflict/Insecurity,135,Jan '17,2017-01
241,2017,1,Jan,31-01-17,Lower Shabelle,Lower Shabelle,Drought related,461,Jan '17,2017-01
242,2017,1,Jan,31-01-17,Lower Shabelle,Lower Shabelle,IDP Return,94,Jan '17,2017-01
243,2017,1,Jan,31-01-17,Lower Shabelle,Banadir,Drought related,6,Jan '17,2017-01
244,2017,1,Jan,31-01-17,Sool,Sool,Drought related,958,Jan '17,2017-01
245,2017,1,Jan,31-01-17,Togdheer,Togdheer,Conflict/Insecurity,27,Jan '17,2017-01
246,2017,1,Jan,31-01-17,Woqooyi Galbeed,Sool,Drought related,12028,Jan '17,2017-01
247,2017,1,Jan,31-01-17,Woqooyi Galbeed,Togdheer,Drought related,6049,Jan '17,2017-01
248,2017,1,Jan,31-01-17,Woqooyi Galbeed,Woqooyi Galbeed,Drought related,1328,Jan '17,2017-01
249,2017,1,Jan,31-01-17,Woqooyi Galbeed,Banadir,Drought related,51,Jan '17,2017-01
250,2017,1,Jan,31-01-17,Woqooyi Galbeed,Hiraan,Drought related,28,Jan '17,2017-01
251,2017,1,Jan,31-01-17,Woqooyi Galbeed,Galgaduud,Drought related,18,Jan '17,2017-01
252,2017,1,Jan,31-01-17,Woqooyi Galbeed,Middle Shabelle,Drought related,16,Jan '17,2017-01
253,2017,1,Jan,31-01-17,Woqooyi Galbeed,Bari,Drought related,14,Jan '17,2017-01
254,2017,1,Jan,31-01-17,Woqooyi Galbeed,Middle Juba,Drought related,8,Jan '17,2017-01
255,2017,1,Jan,31-01-17,Woqooyi Galbeed,Mudug,Drought related,8,Jan '17,2017-01
256,2017,1,Jan,31-01-17,Woqooyi Galbeed,Nugaal,Drought related,7,Jan '17,2017-01
257,2017,1,Jan,31-01-17,Woqooyi Galbeed,Sanaag,Drought related,7,Jan '17,2017-01
258,2017,1,Jan,31-01-17,Woqooyi Galbeed,Bay,Drought related,6,Jan '17,2017-01
259,2017,2,Feb,28-02-17,Awdal,Togdheer,Drought related,1195,Feb '17,2017-02
260,2017,2,Feb,28-02-17,Awdal,Sanaag,Drought related,140,Feb '17,2017-02
261,2017,2,Feb,28-02-17,Awdal,Banadir,Drought related,28,Feb '17,2017-02
262,2017,2,Feb,28-02-17,Awdal,Nugaal,Drought related,13,Feb '17,2017-02
263,2017,2,Feb,28-02-17,Awdal,Mudug,Drought related,8,Feb '17,2017-02
264,2017,2,Feb,28-02-17,Bakool,Bakool,Drought related,583,Feb '17,2017-02
265,2017,2,Feb,28-02-17,Banadir,Lower Shabelle,Conflict/Insecurity,803,Feb '17,2017-02
266,2017,2,Feb,28-02-17,Banadir,Lower Shabelle,Drought related,8724,Feb '17,2017-02
267,2017,2,Feb,28-02-17,Banadir,Bay,Drought related,9431,Feb '17,2017-02
268,2017,2,Feb,28-02-17,Banadir,Banadir,Drought related,8,Feb '17,2017-02
269,2017,2,Feb,28-02-17,Banadir,Banadir,Eviction,7116,Feb '17,2017-02
270,2017,2,Feb,28-02-17,Banadir,Bakool,Drought related,839,Feb '17,2017-02
271,2017,2,Feb,28-02-17,Banadir,Middle Shabelle,Drought related,301,Feb '17,2017-02
272,2017,2,Feb,28-02-17,Banadir,Galgaduud,Drought related,110,Feb '17,2017-02
273,2017,2,Feb,28-02-17,Banadir,Hiraan,Drought related,70,Feb '17,2017-02
274,2017,2,Feb,28-02-17,Banadir,Mudug,Drought related,26,Feb '17,2017-02
275,2017,2,Feb,28-02-17,Bari,Bari,Drought related,1496,Feb '17,2017-02
276,2017,2,Feb,28-02-17,Bari,Bari,Other,19,Feb '17,2017-02
277,2017,2,Feb,28-02-17,Bari,Mudug,Drought related,568,Feb '17,2017-02
278,2017,2,Feb,28-02-17,Bari,Sanaag,Drought related,206,Feb '17,2017-02
279,2017,2,Feb,28-02-17,Bari,Banadir,Conflict/Insecurity,44,Feb '17,2017-02
280,2017,2,Feb,28-02-17,Bari,Galgaduud,Drought related,17,Feb '17,2017-02
281,2017,2,Feb,28-02-17,Bari,Sool,Drought related,13,Feb '17,2017-02
282,2017,2,Feb,28-02-17,Bari,Nugaal,Drought related,13,Feb '17,2017-02
283,2017,2,Feb,28-02-17,Bari,Hiraan,Conflict/Insecurity,3,Feb '17,2017-02
284,2017,2,Feb,28-02-17,Bari,Hiraan,Drought related,6,Feb '17,2017-02
285,2017,2,Feb,28-02-17,Bari,Lower Shabelle,Drought related,9,Feb '17,2017-02
286,2017,2,Feb,28-02-17,Bay,Bay,Conflict/Insecurity,6,Feb '17,2017-02
287,2017,2,Feb,28-02-17,Bay,Bay,Drought related,20603,Feb '17,2017-02
288,2017,2,Feb,28-02-17,Bay,Bay,Other,17,Feb '17,2017-02
289,2017,2,Feb,28-02-17,Bay,Bay,Eviction,101,Feb '17,2017-02
290,2017,2,Feb,28-02-17,Bay,Bakool,Drought related,4102,Feb '17,2017-02
291,2017,2,Feb,28-02-17,Bay,Middle Juba,Drought related,19,Feb '17,2017-02
292,2017,2,Feb,28-02-17,Galgaduud,Hiraan,Drought related,6263,Feb '17,2017-02
293,2017,2,Feb,28-02-17,Galgaduud,Hiraan,IDP Return,1398,Feb '17,2017-02
294,2017,2,Feb,28-02-17,Galgaduud,Mudug,Conflict/Insecurity,170,Feb '17,2017-02
295,2017,2,Feb,28-02-17,Galgaduud,Mudug,Drought related,4589,Feb '17,2017-02
296,2017,2,Feb,28-02-17,Galgaduud,Galgaduud,Drought related,2334,Feb '17,2017-02
297,2017,2,Feb,28-02-17,Gedo,Gedo,Conflict/Insecurity,5,Feb '17,2017-02
298,2017,2,Feb,28-02-17,Gedo,Gedo,Drought related,7178,Feb '17,2017-02
299,2017,2,Feb,28-02-17,Gedo,Gedo,Other,158,Feb '17,2017-02
300,2017,2,Feb,28-02-17,Gedo,Bay,Drought related,1059,Feb '17,2017-02
301,2017,2,Feb,28-02-17,Gedo,Bay,Eviction,6,Feb '17,2017-02
302,2017,2,Feb,28-02-17,Gedo,Bakool,Drought related,209,Feb '17,2017-02
303,2017,2,Feb,28-02-17,Gedo,Middle Juba,Drought related,121,Feb '17,2017-02
304,2017,2,Feb,28-02-17,Hiraan,Hiraan,Drought related,240,Feb '17,2017-02
305,2017,2,Feb,28-02-17,Middle Juba,Bakool,Drought related,995,Feb '17,2017-02
306,2017,2,Feb,28-02-17,Middle Juba,Bay,Conflict/Insecurity,13,Feb '17,2017-02
307,2017,2,Feb,28-02-17,Middle Juba,Bay,Drought related,904,Feb '17,2017-02
308,2017,2,Feb,28-02-17,Middle Juba,Gedo,Drought related,661,Feb '17,2017-02
309,2017,2,Feb,28-02-17,Middle Juba,Middle Juba,Drought related,278,Feb '17,2017-02
310,2017,2,Feb,28-02-17,Middle Juba,Lower Juba,Drought related,225,Feb '17,2017-02
311,2017,2,Feb,28-02-17,Lower Juba,Lower Juba,Drought related,942,Feb '17,2017-02
312,2017,2,Feb,28-02-17,Lower Juba,Lower Juba,Other,5,Feb '17,2017-02
313,2017,2,Feb,28-02-17,Lower Juba,Lower Juba,Eviction,458,Feb '17,2017-02
314,2017,2,Feb,28-02-17,Lower Juba,Middle Juba,Drought related,1057,Feb '17,2017-02
315,2017,2,Feb,28-02-17,Lower Juba,Middle Juba,Eviction,12,Feb '17,2017-02
316,2017,2,Feb,28-02-17,Lower Juba,Gedo,Drought related,670,Feb '17,2017-02
317,2017,2,Feb,28-02-17,Mudug,Mudug,Conflict/Insecurity,326,Feb '17,2017-02
318,2017,2,Feb,28-02-17,Mudug,Mudug,Drought related,11311,Feb '17,2017-02
319,2017,2,Feb,28-02-17,Mudug,Mudug,Other,10,Feb '17,2017-02
320,2017,2,Feb,28-02-17,Mudug,Mudug,Eviction,250,Feb '17,2017-02
321,2017,2,Feb,28-02-17,Mudug,Mudug,IDP Return,150,Feb '17,2017-02
322,2017,2,Feb,28-02-17,Mudug,Galgaduud,Drought related,10,Feb '17,2017-02
323,2017,2,Feb,28-02-17,Mudug,Nugaal,Drought related,7,Feb '17,2017-02
324,2017,2,Feb,28-02-17,Mudug,Bari,Drought related,7,Feb '17,2017-02
325,2017,2,Feb,28-02-17,Mudug,Banadir,Drought related,5,Feb '17,2017-02
326,2017,2,Feb,28-02-17,Nugaal,Mudug,Drought related,400,Feb '17,2017-02
327,2017,2,Feb,28-02-17,Nugaal,Nugaal,Drought related,113,Feb '17,2017-02
328,2017,2,Feb,28-02-17,Middle Shabelle,Middle Shabelle,Conflict/Insecurity,690,Feb '17,2017-02
329,2017,2,Feb,28-02-17,Middle Shabelle,Middle Shabelle,Drought related,883,Feb '17,2017-02
330,2017,2,Feb,28-02-17,Lower Shabelle,Lower Shabelle,Conflict/Insecurity,1214,Feb '17,2017-02
331,2017,2,Feb,28-02-17,Lower Shabelle,Lower Shabelle,Drought related,9554,Feb '17,2017-02
332,2017,2,Feb,28-02-17,Sool,Sool,Drought related,3311,Feb '17,2017-02
333,2017,2,Feb,28-02-17,Sool,Sool,Eviction,114,Feb '17,2017-02
334,2017,2,Feb,28-02-17,Togdheer,Sool,Drought related,1493,Feb '17,2017-02
335,2017,2,Feb,28-02-17,Togdheer,Togdheer,Drought related,1399,Feb '17,2017-02
336,2017,2,Feb,28-02-17,Togdheer,Sanaag,Drought related,336,Feb '17,2017-02
337,2017,2,Feb,28-02-17,Woqooyi Galbeed,Woqooyi Galbeed,Drought related,309,Feb '17,2017-02
338,2017,2,Feb,28-02-17,Woqooyi Galbeed,Woqooyi Galbeed,Eviction,455,Feb '17,2017-02
339,2017,2,Feb,28-02-17,Woqooyi Galbeed,Togdheer,Drought related,575,Feb '17,2017-02
340,2017,2,Feb,28-02-17,Woqooyi Galbeed,Banadir,Drought related,39,Feb '17,2017-02
341,2017,2,Feb,28-02-17,Woqooyi Galbeed,Bari,Drought related,19,Feb '17,2017-02
342,2017,2,Feb,28-02-17,Woqooyi Galbeed,Nugaal,Drought related,16,Feb '17,2017-02
343,2017,2,Feb,28-02-17,Woqooyi Galbeed,Mudug,Drought related,15,Feb '17,2017-02
344,2017,2,Feb,28-02-17,Woqooyi Galbeed,Hiraan,Drought related,14,Feb '17,2017-02
345,2017,2,Feb,28-02-17,Woqooyi Galbeed,Bay,Drought related,10,Feb '17,2017-02
346,2017,2,Feb,28-02-17,Woqooyi Galbeed,Galgaduud,Drought related,9,Feb '17,2017-02
347,2017,2,Feb,28-02-17,Woqooyi Galbeed,Lower Shabelle,Drought related,8,Feb '17,2017-02
348,2017,2,Feb,28-02-17,Woqooyi Galbeed,Middle Shabelle,Drought related,4,Feb '17,2017-02
349,2017,3,Mar,31-03-17,Awdal,Awdal,Drought related,550,Mar '17,2017-03
350,2017,3,Mar,31-03-17,Awdal,Awdal,Other,360,Mar '17,2017-03
351,2017,3,Mar,31-03-17,Awdal,Awdal,Eviction,140,Mar '17,2017-03
352,2017,3,Mar,31-03-17,Awdal,Banadir,Drought related,21,Mar '17,2017-03
353,2017,3,Mar,31-03-17,Awdal,Nugaal,Drought related,12,Mar '17,2017-03
354,2017,3,Mar,31-03-17,Awdal,Hiraan,Drought related,9,Mar '17,2017-03
355,2017,3,Mar,31-03-17,Awdal,Togdheer,Drought related,7,Mar '17,2017-03
356,2017,3,Mar,31-03-17,Awdal,Middle Shabelle,Drought related,7,Mar '17,2017-03
357,2017,3,Mar,31-03-17,Awdal,Galgaduud,Drought related,6,Mar '17,2017-03
358,2017,3,Mar,31-03-17,Bakool,Bakool,Drought related,8231,Mar '17,2017-03
359,2017,3,Mar,31-03-17,Banadir,Lower Shabelle,Drought related,58576,Mar '17,2017-03
360,2017,3,Mar,31-03-17,Banadir,Lower Shabelle,Other,354,Mar '17,2017-03
361,2017,3,Mar,31-03-17,Banadir,Bay,Drought related,7523,Mar '17,2017-03
362,2017,3,Mar,31-03-17,Banadir,Bay,Other,7,Mar '17,2017-03
363,2017,3,Mar,31-03-17,Banadir,Banadir,Eviction,5756,Mar '17,2017-03
364,2017,3,Mar,31-03-17,Banadir,Bakool,Drought related,4433,Mar '17,2017-03
365,2017,3,Mar,31-03-17,Banadir,Galgaduud,Drought related,994,Mar '17,2017-03
366,2017,3,Mar,31-03-17,Banadir,Galgaduud,Eviction,6,Mar '17,2017-03
367,2017,3,Mar,31-03-17,Banadir,Middle Shabelle,Drought related,714,Mar '17,2017-03
368,2017,3,Mar,31-03-17,Banadir,Middle Juba,Drought related,210,Mar '17,2017-03
369,2017,3,Mar,31-03-17,Banadir,Mudug,Drought related,23,Mar '17,2017-03
370,2017,3,Mar,31-03-17,Bari,Bari,Drought related,5371,Mar '17,2017-03
371,2017,3,Mar,31-03-17,Bari,Bari,Other,15,Mar '17,2017-03
372,2017,3,Mar,31-03-17,Bari,Sool,Drought related,991,Mar '17,2017-03
373,2017,3,Mar,31-03-17,Bari,Nugaal,Drought related,150,Mar '17,2017-03
374,2017,3,Mar,31-03-17,Bari,Sanaag,Drought related,39,Mar '17,2017-03
375,2017,3,Mar,31-03-17,Bari,Mudug,Drought related,36,Mar '17,2017-03
376,2017,3,Mar,31-03-17,Bari,Banadir,Drought related,16,Mar '17,2017-03
377,2017,3,Mar,31-03-17,Bari,Banadir,Other,10,Mar '17,2017-03
378,2017,3,Mar,31-03-17,Bari,Lower Shabelle,Conflict/Insecurity,9,Mar '17,2017-03
379,2017,3,Mar,31-03-17,Bari,Lower Shabelle,Drought related,14,Mar '17,2017-03
380,2017,3,Mar,31-03-17,Bari,Bay,Conflict/Insecurity,13,Mar '17,2017-03
381,2017,3,Mar,31-03-17,Bari,Bay,Drought related,2,Mar '17,2017-03
382,2017,3,Mar,31-03-17,Bari,Hiraan,Conflict/Insecurity,4,Mar '17,2017-03
383,2017,3,Mar,31-03-17,Bari,Hiraan,Drought related,11,Mar '17,2017-03
384,2017,3,Mar,31-03-17,Bari,Gedo,Drought related,8,Mar '17,2017-03
385,2017,3,Mar,31-03-17,Bari,Gedo,Other,3,Mar '17,2017-03
386,2017,3,Mar,31-03-17,Bari,Galgaduud,Drought related,6,Mar '17,2017-03
387,2017,3,Mar,31-03-17,Bari,Galgaduud,Other,3,Mar '17,2017-03
388,2017,3,Mar,31-03-17,Bari,Middle Shabelle,Drought related,7,Mar '17,2017-03
389,2017,3,Mar,31-03-17,Bay,Bay,Drought related,63111,Mar '17,2017-03
390,2017,3,Mar,31-03-17,Bay,Bay,Other,1293,Mar '17,2017-03
391,2017,3,Mar,31-03-17,Bay,Bay,Eviction,500,Mar '17,2017-03
392,2017,3,Mar,31-03-17,Bay,Bakool,Drought related,6134,Mar '17,2017-03
393,2017,3,Mar,31-03-17,Bay,Middle Juba,Drought related,505,Mar '17,2017-03
394,2017,3,Mar,31-03-17,Galgaduud,Mudug,Drought related,3906,Mar '17,2017-03
395,2017,3,Mar,31-03-17,Galgaduud,Galgaduud,Drought related,1368,Mar '17,2017-03
396,2017,3,Mar,31-03-17,Galgaduud,Hiraan,Drought related,822,Mar '17,2017-03
397,2017,3,Mar,31-03-17,Gedo,Gedo,Drought related,1742,Mar '17,2017-03
398,2017,3,Mar,31-03-17,Gedo,Gedo,Other,40,Mar '17,2017-03
399,2017,3,Mar,31-03-17,Gedo,Bay,Drought related,756,Mar '17,2017-03
400,2017,3,Mar,31-03-17,Gedo,Bakool,Drought related,54,Mar '17,2017-03
401,2017,3,Mar,31-03-17,Hiraan,Hiraan,Drought related,7801,Mar '17,2017-03
402,2017,3,Mar,31-03-17,Hiraan,Bakool,Drought related,1786,Mar '17,2017-03
403,2017,3,Mar,31-03-17,Middle Juba,Bay,Drought related,1547,Mar '17,2017-03
404,2017,3,Mar,31-03-17,Middle Juba,Bay,Other,9,Mar '17,2017-03
405,2017,3,Mar,31-03-17,Middle Juba,Gedo,Drought related,905,Mar '17,2017-03
406,2017,3,Mar,31-03-17,Middle Juba,Middle Juba,Drought related,465,Mar '17,2017-03
407,2017,3,Mar,31-03-17,Middle Juba,Lower Shabelle,Drought related,29,Mar '17,2017-03
408,2017,3,Mar,31-03-17,Middle Juba,Lower Juba,Drought related,22,Mar '17,2017-03
409,2017,3,Mar,31-03-17,Lower Juba,Lower Juba,Drought related,4308,Mar '17,2017-03
410,2017,3,Mar,31-03-17,Lower Juba,Lower Juba,Other,17,Mar '17,2017-03
411,2017,3,Mar,31-03-17,Lower Juba,Lower Juba,Eviction,4,Mar '17,2017-03
412,2017,3,Mar,31-03-17,Lower Juba,Middle Juba,Drought related,1041,Mar '17,2017-03
413,2017,3,Mar,31-03-17,Lower Juba,Bakool,Drought related,783,Mar '17,2017-03
414,2017,3,Mar,31-03-17,Lower Juba,Bay,Drought related,464,Mar '17,2017-03
415,2017,3,Mar,31-03-17,Lower Juba,Gedo,Drought related,2,Mar '17,2017-03
416,2017,3,Mar,31-03-17,Mudug,Mudug,Conflict/Insecurity,133,Mar '17,2017-03
417,2017,3,Mar,31-03-17,Mudug,Mudug,Drought related,6712,Mar '17,2017-03
418,2017,3,Mar,31-03-17,Mudug,Mudug,Other,10,Mar '17,2017-03
419,2017,3,Mar,31-03-17,Mudug,Mudug,Eviction,7,Mar '17,2017-03
420,2017,3,Mar,31-03-17,Mudug,Galgaduud,Drought related,398,Mar '17,2017-03
421,2017,3,Mar,31-03-17,Mudug,Bari,Exclude,17,Mar '17,2017-03
422,2017,3,Mar,31-03-17,Mudug,Bari,Other,14,Mar '17,2017-03
423,2017,3,Mar,31-03-17,Mudug,Woqooyi Galbeed,Drought related,9,Mar '17,2017-03
424,2017,3,Mar,31-03-17,Mudug,Woqooyi Galbeed,Other,8,Mar '17,2017-03
425,2017,3,Mar,31-03-17,Mudug,Nugaal,Drought related,8,Mar '17,2017-03
426,2017,3,Mar,31-03-17,Nugaal,Mudug,Drought related,312,Mar '17,2017-03
427,2017,3,Mar,31-03-17,Nugaal,Nugaal,Drought related,100,Mar '17,2017-03
428,2017,3,Mar,31-03-17,Sanaag,Sanaag,Drought related,21336,Mar '17,2017-03
429,2017,3,Mar,31-03-17,Sanaag,Sool,Drought related,10660,Mar '17,2017-03
430,2017,3,Mar,31-03-17,Middle Shabelle,Middle Shabelle,Conflict/Insecurity,732,Mar '17,2017-03
431,2017,3,Mar,31-03-17,Middle Shabelle,Middle Shabelle,Drought related,688,Mar '17,2017-03
432,2017,3,Mar,31-03-17,Lower Shabelle,Lower Shabelle,Drought related,8960,Mar '17,2017-03
433,2017,3,Mar,31-03-17,Sool,Sool,Drought related,41319,Mar '17,2017-03
434,2017,3,Mar,31-03-17,Sool,Sool,Eviction,144,Mar '17,2017-03
435,2017,3,Mar,31-03-17,Sool,Sanaag,Drought related,1080,Mar '17,2017-03
436,2017,3,Mar,31-03-17,Sool,Togdheer,Drought related,825,Mar '17,2017-03
437,2017,3,Mar,31-03-17,Togdheer,Togdheer,Drought related,9344,Mar '17,2017-03
438,2017,3,Mar,31-03-17,Togdheer,Togdheer,Other,10,Mar '17,2017-03
439,2017,3,Mar,31-03-17,Togdheer,Sool,Drought related,3474,Mar '17,2017-03
440,2017,3,Mar,31-03-17,Woqooyi Galbeed,Togdheer,Drought related,1395,Mar '17,2017-03
441,2017,3,Mar,31-03-17,Woqooyi Galbeed,Sanaag,Drought related,729,Mar '17,2017-03
442,2017,3,Mar,31-03-17,Woqooyi Galbeed,Woqooyi Galbeed,Drought related,340,Mar '17,2017-03
443,2017,3,Mar,31-03-17,Woqooyi Galbeed,Woqooyi Galbeed,Eviction,372,Mar '17,2017-03
444,2017,3,Mar,31-03-17,Woqooyi Galbeed,Banadir,Drought related,29,Mar '17,2017-03
445,2017,3,Mar,31-03-17,Woqooyi Galbeed,Hiraan,Drought related,23,Mar '17,2017-03
446,2017,3,Mar,31-03-17,Woqooyi Galbeed,Nugaal,Drought related,23,Mar '17,2017-03
447,2017,3,Mar,31-03-17,Woqooyi Galbeed,Galgaduud,Drought related,22,Mar '17,2017-03
448,2017,3,Mar,31-03-17,Woqooyi Galbeed,Sool,Drought related,17,Mar '17,2017-03
449,2017,3,Mar,31-03-17,Woqooyi Galbeed,Bari,Drought related,13,Mar '17,2017-03
450,2017,3,Mar,31-03-17,Woqooyi Galbeed,Middle Shabelle,Drought related,13,Mar '17,2017-03
451,2017,3,Mar,31-03-17,Woqooyi Galbeed,Awdal,Drought related,5,Mar '17,2017-03
452,2017,3,Mar,31-03-17,Woqooyi Galbeed,Mudug,Drought related,5,Mar '17,2017-03
453,2017,3,Mar,31-03-17,Woqooyi Galbeed,Lower Shabelle,Drought related,4,Mar '17,2017-03
454,2017,4,Apr,30-04-17,Awdal,Awdal,Drought related,518,Apr '17,2017-04
455,2017,4,Apr,30-04-17,Awdal,Awdal,Other,168,Apr '17,2017-04
456,2017,4,Apr,30-04-17,Awdal,Togdheer,Drought related,150,Apr '17,2017-04
457,2017,4,Apr,30-04-17,Awdal,Woqooyi Galbeed,Drought related,12,Apr '17,2017-04
458,2017,4,Apr,30-04-17,Awdal,Mudug,Drought related,8,Apr '17,2017-04
459,2017,4,Apr,30-04-17,Awdal,Hiraan,Drought related,6,Apr '17,2017-04
460,2017,4,Apr,30-04-17,Awdal,Galgaduud,Drought related,5,Apr '17,2017-04
461,2017,4,Apr,30-04-17,Bakool,Bakool,Conflict/Insecurity,315,Apr '17,2017-04
462,2017,4,Apr,30-04-17,Bakool,Bakool,Drought related,3732,Apr '17,2017-04
463,2017,4,Apr,30-04-17,Banadir,Lower Shabelle,Drought related,36833,Apr '17,2017-04
464,2017,4,Apr,30-04-17,Banadir,Banadir,Drought related,25,Apr '17,2017-04
465,2017,4,Apr,30-04-17,Banadir,Banadir,Eviction,11645,Apr '17,2017-04
466,2017,4,Apr,30-04-17,Banadir,Middle Shabelle,Conflict/Insecurity,24,Apr '17,2017-04
467,2017,4,Apr,30-04-17,Banadir,Middle Shabelle,Drought related,2895,Apr '17,2017-04
468,2017,4,Apr,30-04-17,Banadir,Bay,Drought related,2901,Apr '17,2017-04
469,2017,4,Apr,30-04-17,Banadir,Bakool,Drought related,832,Apr '17,2017-04
470,2017,4,Apr,30-04-17,Banadir,Middle Juba,Drought related,210,Apr '17,2017-04
471,2017,4,Apr,30-04-17,Banadir,Galgaduud,Drought related,89,Apr '17,2017-04
472,2017,4,Apr,30-04-17,Banadir,Mudug,Conflict/Insecurity,39,Apr '17,2017-04
473,2017,4,Apr,30-04-17,Banadir,Mudug,Drought related,11,Apr '17,2017-04
474,2017,4,Apr,30-04-17,Banadir,Hiraan,Drought related,26,Apr '17,2017-04
475,2017,4,Apr,30-04-17,Bari,Bari,Drought related,2356,Apr '17,2017-04
476,2017,4,Apr,30-04-17,Bari,Bari,Other,30,Apr '17,2017-04
477,2017,4,Apr,30-04-17,Bari,Hiraan,Drought related,111,Apr '17,2017-04
478,2017,4,Apr,30-04-17,Bari,Middle Shabelle,Drought related,46,Apr '17,2017-04
479,2017,4,Apr,30-04-17,Bari,Middle Shabelle,Other,7,Apr '17,2017-04
480,2017,4,Apr,30-04-17,Bari,Bay,Drought related,42,Apr '17,2017-04
481,2017,4,Apr,30-04-17,Bari,Sool,Drought related,42,Apr '17,2017-04
482,2017,4,Apr,30-04-17,Bari,Sanaag,Drought related,26,Apr '17,2017-04
483,2017,4,Apr,30-04-17,Bari,Sanaag,Other,9,Apr '17,2017-04
484,2017,4,Apr,30-04-17,Bari,Banadir,Conflict/Insecurity,10,Apr '17,2017-04
485,2017,4,Apr,30-04-17,Bari,Banadir,Drought related,5,Apr '17,2017-04
486,2017,4,Apr,30-04-17,Bari,Bakool,Drought related,8,Apr '17,2017-04
487,2017,4,Apr,30-04-17,Bari,Mudug,Drought related,8,Apr '17,2017-04
488,2017,4,Apr,30-04-17,Bari,Nugaal,Drought related,3,Apr '17,2017-04
489,2017,4,Apr,30-04-17,Bay,Bay,Drought related,48353,Apr '17,2017-04
490,2017,4,Apr,30-04-17,Bay,Bay,Other,844,Apr '17,2017-04
491,2017,4,Apr,30-04-17,Bay,Bay,Eviction,6,Apr '17,2017-04
492,2017,4,Apr,30-04-17,Bay,Bakool,Drought related,7691,Apr '17,2017-04
493,2017,4,Apr,30-04-17,Galgaduud,Galgaduud,Conflict/Insecurity,982,Apr '17,2017-04
494,2017,4,Apr,30-04-17,Galgaduud,Galgaduud,IDP Return,17260,Apr '17,2017-04
495,2017,4,Apr,30-04-17,Gedo,Gedo,Drought related,164,Apr '17,2017-04
496,2017,4,Apr,30-04-17,Gedo,Gedo,Other,5,Apr '17,2017-04
497,2017,4,Apr,30-04-17,Gedo,Bay,Drought related,162,Apr '17,2017-04
498,2017,4,Apr,30-04-17,Gedo,Bakool,Drought related,100,Apr '17,2017-04
499,2017,4,Apr,30-04-17,Hiraan,Hiraan,Drought related,806,Apr '17,2017-04
500,2017,4,Apr,30-04-17,Hiraan,Bakool,Drought related,257,Apr '17,2017-04
501,2017,4,Apr,30-04-17,Middle Juba,Bay,Drought related,1150,Apr '17,2017-04
502,2017,4,Apr,30-04-17,Middle Juba,Gedo,Drought related,832,Apr '17,2017-04
503,2017,4,Apr,30-04-17,Lower Juba,Lower Juba,Drought related,1917,Apr '17,2017-04
504,2017,4,Apr,30-04-17,Lower Juba,Lower Juba,Other,7,Apr '17,2017-04
505,2017,4,Apr,30-04-17,Lower Juba,Lower Juba,Eviction,330,Apr '17,2017-04
506,2017,4,Apr,30-04-17,Lower Juba,Middle Juba,Drought related,1056,Apr '17,2017-04
507,2017,4,Apr,30-04-17,Lower Juba,Bay,Drought related,120,Apr '17,2017-04
508,2017,4,Apr,30-04-17,Mudug,Mudug,Drought related,3316,Apr '17,2017-04
509,2017,4,Apr,30-04-17,Mudug,Bari,Drought related,852,Apr '17,2017-04
510,2017,4,Apr,30-04-17,Mudug,Bari,Other,827,Apr '17,2017-04
511,2017,4,Apr,30-04-17,Mudug,Bari,Eviction,160,Apr '17,2017-04
512,2017,4,Apr,30-04-17,Mudug,Bari,IDP Return,145,Apr '17,2017-04
513,2017,4,Apr,30-04-17,Mudug,Banadir,Drought related,51,Apr '17,2017-04
514,2017,4,Apr,30-04-17,Mudug,Hiraan,Drought related,15,Apr '17,2017-04
515,2017,4,Apr,30-04-17,Mudug,Bakool,Drought related,14,Apr '17,2017-04
516,2017,4,Apr,30-04-17,Mudug,Bay,Drought related,12,Apr '17,2017-04
517,2017,4,Apr,30-04-17,Mudug,Woqooyi Galbeed,Exclude,5,Apr '17,2017-04
518,2017,4,Apr,30-04-17,Mudug,Woqooyi Galbeed,Other,6,Apr '17,2017-04
519,2017,4,Apr,30-04-17,Mudug,Nugaal,Drought related,8,Apr '17,2017-04
520,2017,4,Apr,30-04-17,Mudug,Middle Shabelle,Drought related,7,Apr '17,2017-04
521,2017,4,Apr,30-04-17,Mudug,Galgaduud,Drought related,7,Apr '17,2017-04
522,2017,4,Apr,30-04-17,Mudug,Awdal,Drought related,5,Apr '17,2017-04
523,2017,4,Apr,30-04-17,Nugaal,Bari,Drought related,800,Apr '17,2017-04
524,2017,4,Apr,30-04-17,Nugaal,Nugaal,Drought related,102,Apr '17,2017-04
525,2017,4,Apr,30-04-17,Sanaag,Sanaag,Conflict/Insecurity,11,Apr '17,2017-04
526,2017,4,Apr,30-04-17,Sanaag,Sanaag,Drought related,3236,Apr '17,2017-04
527,2017,4,Apr,30-04-17,Sanaag,Nugaal,Drought related,360,Apr '17,2017-04
528,2017,4,Apr,30-04-17,Middle Shabelle,Middle Shabelle,Conflict/Insecurity,9876,Apr '17,2017-04
529,2017,4,Apr,30-04-17,Middle Shabelle,Middle Shabelle,Drought related,148,Apr '17,2017-04
530,2017,4,Apr,30-04-17,Sool,Sool,Drought related,5641,Apr '17,2017-04
531,2017,4,Apr,30-04-17,Sool,Sool,Other,468,Apr '17,2017-04
532,2017,4,Apr,30-04-17,Sool,Togdheer,Conflict/Insecurity,557,Apr '17,2017-04
533,2017,4,Apr,30-04-17,Sool,Togdheer,Drought related,878,Apr '17,2017-04
534,2017,4,Apr,30-04-17,Sool,Nugaal,Drought related,8,Apr '17,2017-04
535,2017,4,Apr,30-04-17,Togdheer,Togdheer,Drought related,10805,Apr '17,2017-04
536,2017,4,Apr,30-04-17,Togdheer,Togdheer,Other,113,Apr '17,2017-04
537,2017,4,Apr,30-04-17,Togdheer,Sool,Drought related,1001,Apr '17,2017-04
538,2017,4,Apr,30-04-17,Togdheer,Sanaag,Drought related,186,Apr '17,2017-04
539,2017,4,Apr,30-04-17,Togdheer,Sanaag,Other,220,Apr '17,2017-04
540,2017,4,Apr,30-04-17,Woqooyi Galbeed,Woqooyi Galbeed,Drought related,423,Apr '17,2017-04
541,2017,4,Apr,30-04-17,Woqooyi Galbeed,Woqooyi Galbeed,Eviction,215,Apr '17,2017-04
542,2017,4,Apr,30-04-17,Woqooyi Galbeed,Togdheer,Drought related,412,Apr '17,2017-04
543,2017,4,Apr,30-04-17,Woqooyi Galbeed,Sool,Drought related,59,Apr '17,2017-04
544,2017,4,Apr,30-04-17,Woqooyi Galbeed,Sool,Other,7,Apr '17,2017-04
545,2017,4,Apr,30-04-17,Woqooyi Galbeed,Sanaag,Drought related,58,Apr '17,2017-04
546,2017,4,Apr,30-04-17,Woqooyi Galbeed,Hiraan,Drought related,43,Apr '17,2017-04
547,2017,4,Apr,30-04-17,Woqooyi Galbeed,Galgaduud,Drought related,24,Apr '17,2017-04
548,2017,4,Apr,30-04-17,Woqooyi Galbeed,Banadir,Drought related,20,Apr '17,2017-04
549,2017,4,Apr,30-04-17,Woqooyi Galbeed,Nugaal,Drought related,13,Apr '17,2017-04
550,2017,4,Apr,30-04-17,Woqooyi Galbeed,Lower Juba,Drought related,6,Apr '17,2017-04
551,2017,5,May,31-05-17,Awdal,Awdal,Drought related,36,May '17,2017-05
552,2017,5,May,31-05-17,Awdal,Awdal,Other,345,May '17,2017-05
553,2017,5,May,31-05-17,Awdal,Banadir,Drought related,34,May '17,2017-05
554,2017,5,May,31-05-17,Awdal,Nugaal,Drought related,25,May '17,2017-05
555,2017,5,May,31-05-17,Awdal,Galgaduud,Drought related,8,May '17,2017-05
556,2017,5,May,31-05-17,Bakool,Bakool,Drought related,5352,May '17,2017-05
557,2017,5,May,31-05-17,Bakool,Bakool,Flood,100,May '17,2017-05
558,2017,5,May,31-05-17,Bakool,Bakool,IDP Return,100,May '17,2017-05
559,2017,5,May,31-05-17,Bakool,Bari,IDP Return,5,May '17,2017-05
560,2017,5,May,31-05-17,Banadir,Lower Shabelle,Conflict/Insecurity,3326,May '17,2017-05
561,2017,5,May,31-05-17,Banadir,Lower Shabelle,Drought related,7199,May '17,2017-05
562,2017,5,May,31-05-17,Banadir,Banadir,Drought related,13,May '17,2017-05
563,2017,5,May,31-05-17,Banadir,Banadir,Eviction,4939,May '17,2017-05
564,2017,5,May,31-05-17,Banadir,Bakool,Drought related,902,May '17,2017-05
565,2017,5,May,31-05-17,Banadir,Bay,Conflict/Insecurity,33,May '17,2017-05
566,2017,5,May,31-05-17,Banadir,Bay,Drought related,633,May '17,2017-05
567,2017,5,May,31-05-17,Banadir,Middle Shabelle,Conflict/Insecurity,30,May '17,2017-05
568,2017,5,May,31-05-17,Banadir,Middle Shabelle,Drought related,200,May '17,2017-05
569,2017,5,May,31-05-17,Banadir,Middle Juba,Drought related,102,May '17,2017-05
570,2017,5,May,31-05-17,Banadir,Hiraan,Conflict/Insecurity,15,May '17,2017-05
571,2017,5,May,31-05-17,Banadir,Mudug,Conflict/Insecurity,14,May '17,2017-05
572,2017,5,May,31-05-17,Bari,Bari,Drought related,71,May '17,2017-05
573,2017,5,May,31-05-17,Bari,Bari,Other,5,May '17,2017-05
574,2017,5,May,31-05-17,Bari,Banadir,Drought related,25,May '17,2017-05
575,2017,5,May,31-05-17,Bari,Togdheer,Drought related,12,May '17,2017-05
576,2017,5,May,31-05-17,Bari,Togdheer,Other,10,May '17,2017-05
577,2017,5,May,31-05-17,Bari,Mudug,Conflict/Insecurity,9,May '17,2017-05
578,2017,5,May,31-05-17,Bari,Mudug,Drought related,11,May '17,2017-05
579,2017,5,May,31-05-17,Bari,Bay,Conflict/Insecurity,4,May '17,2017-05
580,2017,5,May,31-05-17,Bari,Bay,Drought related,11,May '17,2017-05
581,2017,5,May,31-05-17,Bari,Lower Shabelle,Drought related,9,May '17,2017-05
582,2017,5,May,31-05-17,Bari,Hiraan,Drought related,8,May '17,2017-05
583,2017,5,May,31-05-17,Bari,Middle Shabelle,Conflict/Insecurity,8,May '17,2017-05
584,2017,5,May,31-05-17,Bari,Sool,Drought related,6,May '17,2017-05
585,2017,5,May,31-05-17,Bari,Sanaag,Drought related,5,May '17,2017-05
586,2017,5,May,31-05-17,Bay,Bay,Drought related,4604,May '17,2017-05
587,2017,5,May,31-05-17,Bay,Bay,Other,114,May '17,2017-05
588,2017,5,May,31-05-17,Bay,Bay,IDP Return,6464,May '17,2017-05
589,2017,5,May,31-05-17,Bay,Bakool,Drought related,300,May '17,2017-05
590,2017,5,May,31-05-17,Bay,Banadir,IDP Return,24,May '17,2017-05
591,2017,5,May,31-05-17,Galgaduud,Galgaduud,Conflict/Insecurity,155,May '17,2017-05
592,2017,5,May,31-05-17,Gedo,Gedo,Conflict/Insecurity,139,May '17,2017-05
593,2017,5,May,31-05-17,Gedo,Gedo,Drought related,705,May '17,2017-05
594,2017,5,May,31-05-17,Gedo,Bay,Drought related,671,May '17,2017-05
595,2017,5,May,31-05-17,Gedo,Bakool,Drought related,121,May '17,2017-05
596,2017,5,May,31-05-17,Middle Juba,Bay,Drought related,325,May '17,2017-05
597,2017,5,May,31-05-17,Middle Juba,Bay,Other,10,May '17,2017-05
598,2017,5,May,31-05-17,Middle Juba,Gedo,Drought related,282,May '17,2017-05
599,2017,5,May,31-05-17,Middle Juba,Gedo,Other,9,May '17,2017-05
600,2017,5,May,31-05-17,Lower Juba,Lower Juba,Drought related,189,May '17,2017-05
601,2017,5,May,31-05-17,Lower Juba,Lower Juba,Other,5,May '17,2017-05
602,2017,5,May,31-05-17,Lower Juba,Lower Juba,IDP Return,15,May '17,2017-05
603,2017,5,May,31-05-17,Lower Juba,Middle Juba,Drought related,10,May '17,2017-05
604,2017,5,May,31-05-17,Mudug,Mudug,Conflict/Insecurity,234,May '17,2017-05
605,2017,5,May,31-05-17,Mudug,Mudug,Drought related,1907,May '17,2017-05
606,2017,5,May,31-05-17,Mudug,Mudug,Other,12,May '17,2017-05
607,2017,5,May,31-05-17,Mudug,Bari,Conflict/Insecurity,9,May '17,2017-05
608,2017,5,May,31-05-17,Mudug,Bari,Drought related,873,May '17,2017-05
609,2017,5,May,31-05-17,Mudug,Bari,Exclude,19,May '17,2017-05
610,2017,5,May,31-05-17,Mudug,Bari,Other,9,May '17,2017-05
611,2017,5,May,31-05-17,Mudug,Bari,IDP Return,14,May '17,2017-05
612,2017,5,May,31-05-17,Mudug,Hiraan,Drought related,271,May '17,2017-05
613,2017,5,May,31-05-17,Mudug,Banadir,Drought related,27,May '17,2017-05
614,2017,5,May,31-05-17,Mudug,Banadir,Other,6,May '17,2017-05
615,2017,5,May,31-05-17,Mudug,Banadir,IDP Return,7,May '17,2017-05
616,2017,5,May,31-05-17,Mudug,Woqooyi Galbeed,Drought related,12,May '17,2017-05
617,2017,5,May,31-05-17,Mudug,Woqooyi Galbeed,Exclude,7,May '17,2017-05
618,2017,5,May,31-05-17,Mudug,Nugaal,Drought related,9,May '17,2017-05
619,2017,5,May,31-05-17,Mudug,Bay,Drought related,5,May '17,2017-05
620,2017,5,May,31-05-17,Nugaal,Sanaag,Drought related,1200,May '17,2017-05
621,2017,5,May,31-05-17,Nugaal,Nugaal,Eviction,325,May '17,2017-05
622,2017,5,May,31-05-17,Sanaag,Sanaag,Drought related,11361,May '17,2017-05
623,2017,5,May,31-05-17,Sanaag,Nugaal,Drought related,3000,May '17,2017-05
624,2017,5,May,31-05-17,Middle Shabelle,Middle Shabelle,Flood,4129,May '17,2017-05
625,2017,5,May,31-05-17,Middle Shabelle,Middle Shabelle,IDP Return,630,May '17,2017-05
626,2017,5,May,31-05-17,Lower Shabelle,Lower Shabelle,Conflict/Insecurity,28416,May '17,2017-05
627,2017,5,May,31-05-17,Lower Shabelle,Banadir,Conflict/Insecurity,8,May '17,2017-05
628,2017,5,May,31-05-17,Lower Shabelle,Banadir,Drought related,6,May '17,2017-05
629,2017,5,May,31-05-17,Sool,Sool,Drought related,3845,May '17,2017-05
630,2017,5,May,31-05-17,Sool,Sool,Other,51,May '17,2017-05
631,2017,5,May,31-05-17,Sool,Sool,Eviction,192,May '17,2017-05
632,2017,5,May,31-05-17,Sool,Togdheer,Drought related,80,May '17,2017-05
633,2017,5,May,31-05-17,Sool,Togdheer,Other,37,May '17,2017-05
634,2017,5,May,31-05-17,Togdheer,Togdheer,Drought related,12,May '17,2017-05
635,2017,5,May,31-05-17,Togdheer,Togdheer,Other,4974,May '17,2017-05
636,2017,5,May,31-05-17,Togdheer,Togdheer,IDP Return,460,May '17,2017-05
637,2017,5,May,31-05-17,Togdheer,Sool,Drought related,9,May '17,2017-05
638,2017,5,May,31-05-17,Woqooyi Galbeed,Togdheer,Drought related,905,May '17,2017-05
639,2017,5,May,31-05-17,Woqooyi Galbeed,Woqooyi Galbeed,Drought related,260,May '17,2017-05
640,2017,5,May,31-05-17,Woqooyi Galbeed,Woqooyi Galbeed,Flood,7,May '17,2017-05
641,2017,5,May,31-05-17,Woqooyi Galbeed,Woqooyi Galbeed,Eviction,120,May '17,2017-05
642,2017,5,May,31-05-17,Woqooyi Galbeed,Banadir,Drought related,48,May '17,2017-05
643,2017,5,May,31-05-17,Woqooyi Galbeed,Hiraan,Drought related,44,May '17,2017-05
644,2017,5,May,31-05-17,Woqooyi Galbeed,Nugaal,Drought related,43,May '17,2017-05
645,2017,5,May,31-05-17,Woqooyi Galbeed,Mudug,Drought related,37,May '17,2017-05
646,2017,5,May,31-05-17,Woqooyi Galbeed,Bari,Drought related,37,May '17,2017-05
647,2017,5,May,31-05-17,Woqooyi Galbeed,Galgaduud,Drought related,32,May '17,2017-05
648,2017,5,May,31-05-17,Woqooyi Galbeed,Awdal,Drought related,15,May '17,2017-05
649,2017,5,May,31-05-17,Woqooyi Galbeed,Bay,Drought related,13,May '17,2017-05
650,2017,5,May,31-05-17,Woqooyi Galbeed,Sanaag,Drought related,11,May '17,2017-05
651,2017,6,Jun,30-06-17,Awdal,Awdal,Other,328,Jun '17,2017-06
652,2017,6,Jun,30-06-17,Awdal,Banadir,Drought related,8,Jun '17,2017-06
653,2017,6,Jun,30-06-17,Awdal,Middle Shabelle,Drought related,7,Jun '17,2017-06
654,2017,6,Jun,30-06-17,Bakool,Bakool,Drought related,2100,Jun '17,2017-06
655,2017,6,Jun,30-06-17,Bakool,Bakool,IDP Return,600,Jun '17,2017-06
656,2017,6,Jun,30-06-17,Banadir,Lower Shabelle,Conflict/Insecurity,10011,Jun '17,2017-06
657,2017,6,Jun,30-06-17,Banadir,Lower Shabelle,Drought related,10221,Jun '17,2017-06
658,2017,6,Jun,30-06-17,Banadir,Banadir,Eviction,8268,Jun '17,2017-06
659,2017,6,Jun,30-06-17,Banadir,Bay,Conflict/Insecurity,210,Jun '17,2017-06
660,2017,6,Jun,30-06-17,Banadir,Bay,Drought related,646,Jun '17,2017-06
661,2017,6,Jun,30-06-17,Banadir,Hiraan,Drought related,19,Jun '17,2017-06
662,2017,6,Jun,30-06-17,Banadir,Mudug,Other,11,Jun '17,2017-06
663,2017,6,Jun,30-06-17,Bari,Bari,Conflict/Insecurity,400,Jun '17,2017-06
664,2017,6,Jun,30-06-17,Bari,Bari,Drought related,177,Jun '17,2017-06
665,2017,6,Jun,30-06-17,Bari,Hiraan,Drought related,34,Jun '17,2017-06
666,2017,6,Jun,30-06-17,Bari,Mudug,Conflict/Insecurity,24,Jun '17,2017-06
667,2017,6,Jun,30-06-17,Bari,Bay,Conflict/Insecurity,18,Jun '17,2017-06
668,2017,6,Jun,30-06-17,Bari,Bay,Drought related,6,Jun '17,2017-06
669,2017,6,Jun,30-06-17,Bari,Middle Shabelle,Drought related,10,Jun '17,2017-06
670,2017,6,Jun,30-06-17,Bari,Bakool,Drought related,8,Jun '17,2017-06
671,2017,6,Jun,30-06-17,Bari,Banadir,Conflict/Insecurity,4,Jun '17,2017-06
672,2017,6,Jun,30-06-17,Bari,Sanaag,Drought related,2,Jun '17,2017-06
673,2017,6,Jun,30-06-17,Bay,Bay,Conflict/Insecurity,8,Jun '17,2017-06
674,2017,6,Jun,30-06-17,Bay,Bay,Drought related,17251,Jun '17,2017-06
675,2017,6,Jun,30-06-17,Bay,Bay,IDP Return,14259,Jun '17,2017-06
676,2017,6,Jun,30-06-17,Bay,Bakool,Drought related,4413,Jun '17,2017-06
677,2017,6,Jun,30-06-17,Galgaduud,Hiraan,Conflict/Insecurity,3147,Jun '17,2017-06
678,2017,6,Jun,30-06-17,Galgaduud,Mudug,Conflict/Insecurity,120,Jun '17,2017-06
679,2017,6,Jun,30-06-17,Gedo,Gedo,Conflict/Insecurity,1223,Jun '17,2017-06
680,2017,6,Jun,30-06-17,Gedo,Gedo,Drought related,10052,Jun '17,2017-06
681,2017,6,Jun,30-06-17,Gedo,Gedo,Other,6,Jun '17,2017-06
682,2017,6,Jun,30-06-17,Gedo,Bakool,Drought related,123,Jun '17,2017-06
683,2017,6,Jun,30-06-17,Gedo,Bay,Drought related,111,Jun '17,2017-06
684,2017,6,Jun,30-06-17,Middle Juba,Gedo,Drought related,127,Jun '17,2017-06
685,2017,6,Jun,30-06-17,Middle Juba,Bay,Drought related,100,Jun '17,2017-06
686,2017,6,Jun,30-06-17,Middle Juba,Middle Juba,Conflict/Insecurity,19,Jun '17,2017-06
687,2017,6,Jun,30-06-17,Middle Juba,Middle Juba,Flood,6,Jun '17,2017-06
688,2017,6,Jun,30-06-17,Lower Juba,Lower Juba,Conflict/Insecurity,33,Jun '17,2017-06
689,2017,6,Jun,30-06-17,Lower Juba,Lower Juba,Drought related,19,Jun '17,2017-06
690,2017,6,Jun,30-06-17,Lower Juba,Lower Juba,Eviction,59,Jun '17,2017-06
691,2017,6,Jun,30-06-17,Lower Juba,Lower Juba,IDP Return,251,Jun '17,2017-06
692,2017,6,Jun,30-06-17,Lower Juba,Middle Juba,Drought related,150,Jun '17,2017-06
693,2017,6,Jun,30-06-17,Lower Juba,Middle Juba,IDP Return,10,Jun '17,2017-06
694,2017,6,Jun,30-06-17,Mudug,Galgaduud,Drought related,1451,Jun '17,2017-06
695,2017,6,Jun,30-06-17,Mudug,Mudug,Drought related,1169,Jun '17,2017-06
696,2017,6,Jun,30-06-17,Mudug,Woqooyi Galbeed,Drought related,20,Jun '17,2017-06
697,2017,6,Jun,30-06-17,Mudug,Woqooyi Galbeed,Exclude,17,Jun '17,2017-06
698,2017,6,Jun,30-06-17,Mudug,Bari,Drought related,19,Jun '17,2017-06
699,2017,6,Jun,30-06-17,Mudug,Bari,Exclude,17,Jun '17,2017-06
700,2017,6,Jun,30-06-17,Mudug,Lower Juba,Other,9,Jun '17,2017-06
701,2017,6,Jun,30-06-17,Mudug,Hiraan,Drought related,8,Jun '17,2017-06
702,2017,6,Jun,30-06-17,Nugaal,Nugaal,Eviction,365,Jun '17,2017-06
703,2017,6,Jun,30-06-17,Lower Shabelle,Lower Shabelle,Conflict/Insecurity,2953,Jun '17,2017-06
704,2017,6,Jun,30-06-17,Sool,Sool,Drought related,121,Jun '17,2017-06
705,2017,6,Jun,30-06-17,Sool,Sool,Eviction,5418,Jun '17,2017-06
706,2017,6,Jun,30-06-17,Sool,Hiraan,Drought related,790,Jun '17,2017-06
707,2017,6,Jun,30-06-17,Sool,Galgaduud,Drought related,670,Jun '17,2017-06
708,2017,6,Jun,30-06-17,Sool,Togdheer,Drought related,17,Jun '17,2017-06
709,2017,6,Jun,30-06-17,Sool,Togdheer,Other,16,Jun '17,2017-06
710,2017,6,Jun,30-06-17,Togdheer,Togdheer,Drought related,689,Jun '17,2017-06
711,2017,6,Jun,30-06-17,Togdheer,Togdheer,Other,46,Jun '17,2017-06
712,2017,6,Jun,30-06-17,Togdheer,Togdheer,IDP Return,500,Jun '17,2017-06
713,2017,6,Jun,30-06-17,Togdheer,Sool,Other,270,Jun '17,2017-06
714,2017,6,Jun,30-06-17,Togdheer,Hiraan,Drought related,250,Jun '17,2017-06
715,2017,6,Jun,30-06-17,Togdheer,Sanaag,Other,114,Jun '17,2017-06
716,2017,6,Jun,30-06-17,Woqooyi Galbeed,Woqooyi Galbeed,Drought related,206,Jun '17,2017-06
717,2017,6,Jun,30-06-17,Woqooyi Galbeed,Woqooyi Galbeed,Eviction,450,Jun '17,2017-06
718,2017,6,Jun,30-06-17,Woqooyi Galbeed,Banadir,Drought related,77,Jun '17,2017-06
719,2017,6,Jun,30-06-17,Woqooyi Galbeed,Nugaal,Drought related,67,Jun '17,2017-06
720,2017,6,Jun,30-06-17,Woqooyi Galbeed,Hiraan,Drought related,62,Jun '17,2017-06
721,2017,6,Jun,30-06-17,Woqooyi Galbeed,Bari,Drought related,38,Jun '17,2017-06
722,2017,6,Jun,30-06-17,Woqooyi Galbeed,Awdal,Drought related,31,Jun '17,2017-06
723,2017,6,Jun,30-06-17,Woqooyi Galbeed,Awdal,IDP Return,7,Jun '17,2017-06
724,2017,6,Jun,30-06-17,Woqooyi Galbeed,Galgaduud,Drought related,36,Jun '17,2017-06
725,2017,6,Jun,30-06-17,Woqooyi Galbeed,Mudug,Drought related,33,Jun '17,2017-06
726,2017,6,Jun,30-06-17,Woqooyi Galbeed,Bay,Drought related,22,Jun '17,2017-06
727,2017,6,Jun,30-06-17,Woqooyi Galbeed,Togdheer,Drought related,14,Jun '17,2017-06
728,2017,6,Jun,30-06-17,Woqooyi Galbeed,Lower Juba,Drought related,7,Jun '17,2017-06
729,2017,7,Jul,31-07-17,Awdal,Awdal,Drought related,8,Jul '17,2017-07
730,2017,7,Jul,31-07-17,Awdal,Awdal,Other,193,Jul '17,2017-07
731,2017,7,Jul,31-07-17,Awdal,Banadir,Drought related,36,Jul '17,2017-07
732,2017,7,Jul,31-07-17,Awdal,Hiraan,Drought related,22,Jul '17,2017-07
733,2017,7,Jul,31-07-17,Awdal,Galgaduud,Drought related,12,Jul '17,2017-07
734,2017,7,Jul,31-07-17,Awdal,Mudug,Drought related,6,Jul '17,2017-07
735,2017,7,Jul,31-07-17,Awdal,Middle Juba,Drought related,6,Jul '17,2017-07
736,2017,7,Jul,31-07-17,Awdal,Nugaal,Drought related,4,Jul '17,2017-07
737,2017,7,Jul,31-07-17,Bakool,Bakool,Drought related,3000,Jul '17,2017-07
738,2017,7,Jul,31-07-17,Banadir,Banadir,Eviction,3329,Jul '17,2017-07
739,2017,7,Jul,31-07-17,Banadir,Lower Shabelle,Conflict/Insecurity,1548,Jul '17,2017-07
740,2017,7,Jul,31-07-17,Banadir,Mudug,Conflict/Insecurity,28,Jul '17,2017-07
741,2017,7,Jul,31-07-17,Banadir,Mudug,Other,22,Jul '17,2017-07
742,2017,7,Jul,31-07-17,Bari,Bari,Drought related,77,Jul '17,2017-07
743,2017,7,Jul,31-07-17,Bari,Bari,Other,8,Jul '17,2017-07
744,2017,7,Jul,31-07-17,Bari,Banadir,Conflict/Insecurity,17,Jul '17,2017-07
745,2017,7,Jul,31-07-17,Bari,Gedo,Drought related,4,Jul '17,2017-07
746,2017,7,Jul,31-07-17,Bari,Bay,Conflict/Insecurity,3,Jul '17,2017-07
747,2017,7,Jul,31-07-17,Bay,Bay,Drought related,12711,Jul '17,2017-07
748,2017,7,Jul,31-07-17,Bay,Bay,IDP Return,2051,Jul '17,2017-07
749,2017,7,Jul,31-07-17,Bay,Bakool,Drought related,1905,Jul '17,2017-07
750,2017,7,Jul,31-07-17,Gedo,Bay,Drought related,5,Jul '17,2017-07
751,2017,7,Jul,31-07-17,Gedo,Gedo,Drought related,4,Jul '17,2017-07
752,2017,7,Jul,31-07-17,Mudug,Mudug,Drought related,19,Jul '17,2017-07
753,2017,7,Jul,31-07-17,Mudug,Mudug,Other,230,Jul '17,2017-07
754,2017,7,Jul,31-07-17,Mudug,Galgaduud,Drought related,37,Jul '17,2017-07
755,2017,7,Jul,31-07-17,Mudug,Galgaduud,Other,11,Jul '17,2017-07
756,2017,7,Jul,31-07-17,Mudug,Middle Shabelle,Drought related,18,Jul '17,2017-07
757,2017,7,Jul,31-07-17,Mudug,Bari,Drought related,17,Jul '17,2017-07
758,2017,7,Jul,31-07-17,Mudug,Woqooyi Galbeed,Drought related,12,Jul '17,2017-07
759,2017,7,Jul,31-07-17,Mudug,Lower Juba,Other,9,Jul '17,2017-07
760,2017,7,Jul,31-07-17,Mudug,Banadir,Drought related,8,Jul '17,2017-07
761,2017,7,Jul,31-07-17,Mudug,Hiraan,Drought related,7,Jul '17,2017-07
762,2017,7,Jul,31-07-17,Mudug,Bay,Drought related,6,Jul '17,2017-07
763,2017,7,Jul,31-07-17,Mudug,Awdal,Other,6,Jul '17,2017-07
764,2017,7,Jul,31-07-17,Nugaal,Nugaal,Drought related,1970,Jul '17,2017-07
765,2017,7,Jul,31-07-17,Nugaal,Galgaduud,Drought related,9,Jul '17,2017-07
766,2017,7,Jul,31-07-17,Lower Shabelle,Lower Shabelle,Conflict/Insecurity,561,Jul '17,2017-07
767,2017,7,Jul,31-07-17,Sool,Sool,Drought related,2761,Jul '17,2017-07
768,2017,7,Jul,31-07-17,Sool,Sool,Other,30,Jul '17,2017-07
769,2017,7,Jul,31-07-17,Sool,Galgaduud,Drought related,1047,Jul '17,2017-07
770,2017,7,Jul,31-07-17,Sool,Sanaag,Drought related,677,Jul '17,2017-07
771,2017,7,Jul,31-07-17,Sool,Hiraan,Drought related,277,Jul '17,2017-07
772,2017,7,Jul,31-07-17,Togdheer,Hiraan,Drought related,1412,Jul '17,2017-07
773,2017,7,Jul,31-07-17,Togdheer,Sool,Drought related,787,Jul '17,2017-07
774,2017,7,Jul,31-07-17,Togdheer,Sool,Other,16,Jul '17,2017-07
775,2017,7,Jul,31-07-17,Togdheer,Togdheer,Drought related,478,Jul '17,2017-07
776,2017,7,Jul,31-07-17,Togdheer,Togdheer,Other,51,Jul '17,2017-07
777,2017,7,Jul,31-07-17,Togdheer,Togdheer,Eviction,5,Jul '17,2017-07
778,2017,7,Jul,31-07-17,Togdheer,Galgaduud,Drought related,484,Jul '17,2017-07
779,2017,7,Jul,31-07-17,Togdheer,Sanaag,Drought related,250,Jul '17,2017-07
780,2017,7,Jul,31-07-17,Woqooyi Galbeed,Woqooyi Galbeed,Drought related,452,Jul '17,2017-07
781,2017,7,Jul,31-07-17,Woqooyi Galbeed,Mudug,Drought related,18,Jul '17,2017-07
782,2017,7,Jul,31-07-17,Woqooyi Galbeed,Galgaduud,Drought related,7,Jul '17,2017-07
783,2017,7,Jul,31-07-17,Woqooyi Galbeed,Bari,Drought related,6,Jul '17,2017-07
784,2017,7,Jul,31-07-17,Woqooyi Galbeed,Nugaal,Drought related,5,Jul '17,2017-07
785,2017,7,Jul,31-07-17,Woqooyi Galbeed,Banadir,Drought related,4,Jul '17,2017-07
